<?xml version="1.0" encoding="utf-8"?>
<window type="dialog">
    <allowoverlay>no</allowoverlay>
    <defaultcontrol always="false">101</defaultcontrol>
    <coordinates>
        <system>1</system>
        <posx>0</posx>
        <posy>0</posy>
    </coordinates>
    <animation effect="fade" start="0" end="100" time="250">WindowOpen</animation>
    <animation effect="fade" start="100" end="0" time="250">WindowClose</animation>
    <controls>
        <control type="label" id="100">
            <description>tabs visibility marker</description>
            <visible>false</visible>
        </control>

        <control type="image">
            <posx>0</posx>
            <posy>0</posy>
            <width>1280</width>
            <height>720</height>
            <texture>grey.png</texture>
        </control>
        <control type="image">
            <description>verticalbar</description>
            <posx>262</posx>
            <posy>-2</posy>
            <width>7</width>
            <height>1100</height>
            <texture>tvguide-background-right.png</texture>
        </control>
        <control type="image">
            <description>verticalbar</description>
            <posx>510.5</posx>
            <posy>-2</posy>
            <width>7</width>
            <height>1100</height>
            <texture>tvguide-background-right.png</texture>
        </control>
			<control type="image">
                <description>iVue logo</description>
                <posx>40</posx>
                <posy>500</posy>
                <width>160</width>
                <height>45</height>
                <aspectratio>keep</aspectratio>
                <fadetime>500</fadetime>
                <texture>sly.png</texture>
            </control>
                
        <control type="label">
            <posx>253</posx>
            <posy>20</posy>
            <width>174</width>
            <height>40</height>
            <label>$ADDON[script.ivueguide 30600]</label>
            <align>center</align>
        </control>

        <control type="button" id="101">
            <posx>269</posx>
            <posy>60</posy>
            <width>240</width>
            <height>40</height>
            <align>center</align>
            <aligny>center</aligny>
            <font>font13</font>
            <textcolor>ffffffff</textcolor>
            <label>$ADDON[script.ivueguide 30601]</label>
           <texturefocus>menu button-focus.png</texturefocus>
			<texturenofocus>menu button.png</texturenofocus>
            <onup>3005</onup>
            <onright>1001</onright>
            <ondown>102</ondown>
        </control>
        <control type="button" id="102">
            <posx>269</posx>
            <posy>101</posy>
            <width>240</width>
            <height>40</height>
            <align>center</align>
            <aligny>center</aligny>
            <font>font13</font>
            <textcolor>ffffffff</textcolor>
            <label>$ADDON[script.ivueguide 30602]</label>
           <texturefocus>menu button-focus.png</texturefocus>
			<texturenofocus>menu button.png</texturenofocus>
            <onup>101</onup>
            <onright>2001</onright>
            <ondown>103</ondown>
        </control>
        <control type="button" id="103">
            <posx>269</posx>
            <posy>142</posy>
            <width>240</width>
            <height>40</height>
            <align>center</align>
            <aligny>center</aligny>
            <font>font13</font>
            <textcolor>ffffffff</textcolor>
            <label>$ADDON[script.ivueguide 30603]</label>
           <texturefocus>menu button-focus.png</texturefocus>
			<texturenofocus>menu button.png</texturenofocus>
            <onup>102</onup>
            <onright>3001</onright>
            <ondown>3005</ondown>
        </control>

        <control type="videowindow">
            <posx>5</posx>
            <posy>275</posy>
            <width>255</width>
            <height>140</height>
        </control>

        <control type="group" id="1000">
            <posx>520</posx>
            <posy>120</posy>
            <width>800</width>
            <height>340</height>
            <visible>StringCompare(Control.GetLabel(100),strm)</visible>

            <control type="textbox">
                <posx>20</posx>
                <posy>-50</posy>
                <width>580</width>
                <height>80</height>
                <label>$ADDON[script.ivueguide 30611]</label>
                <textcolor>ffffffff</textcolor>
                <wrapmultiline>true</wrapmultiline>
            </control>

            <control type="button" id="1001">
                <posx>565</posx>
                <posy>15</posy>
                <width>173</width>
                <height>40</height>
                <label>$ADDON[script.ivueguide 30610]</label>
                <align>center</align>
                <aligny>center</aligny>
                <font>font13</font>
                <textcolor>ffffffff</textcolor>
                <texturefocus>menu button-focus.png</texturefocus>
			<texturenofocus>menu button.png</texturenofocus>
                <onup>101</onup>
                <onleft>1002</onleft>
                <ondown>1002</ondown>
            </control>

            <control type="textbox" id="1005">
                <posx>20</posx>
                <posy>160</posy>
                <width>560</width>
                <height>80</height>
                <wrapmultiline>true</wrapmultiline>
            </control>


            <control type="button" id="1002">
                <posx>-250</posx>
                <posy>320</posy>
                <width>240</width>
                <height>60</height>
                <align>center</align>
                <aligny>center</aligny>
                <font>font13</font>
                <textcolor>ffffffff</textcolor>
                <label>$ADDON[script.ivueguide 30604]</label>
                <texturefocus>menu button-focus.png</texturefocus>
			<texturenofocus>menu button.png</texturenofocus>
                <onup>101</onup>
                <onleft>1001</onleft>
                <onright>1003</onright>
            </control>
            <control type="button" id="1003">
                <posx>-250</posx>
                <posy>381</posy>
                <width>240</width>
                <height>60</height>
                <align>center</align>
                <aligny>center</aligny>
                <font>font13</font>
                <textcolor>ffffffff</textcolor>
                <label>$ADDON[script.ivueguide 30605]</label>
                <texturefocus>menu button-focus.png</texturefocus>
			<texturenofocus>menu button.png</texturenofocus>
                <onup>1002</onup>
                <ondown>1004</ondown>
                <onright>1001</onright>
            </control>
            <control type="button" id="1004">
                <posx>-250</posx>
                <posy>442</posy>
                <width>240</width>
                <height>60</height>
                <align>center</align>
                <aligny>center</aligny>
                <font>font13</font>
                <textcolor>ffffffff</textcolor>
                <label>$ADDON[script.ivueguide 30606]</label>
                <texturefocus>menu button-focus.png</texturefocus>
			<texturenofocus>menu button.png</texturenofocus>
                <onup>1003</onup>
                <ondown>101</ondown>
            </control>

        </control>

        <control type="group" id="2000">
            <posx>40</posx>
            <posy>120</posy>
            <width>800</width>
            <height>340</height>
            <visible>StringCompare(Control.GetLabel(100),favourites)</visible>

            <control type="textbox">
                <posx>595</posx>
                <posy>-52</posy>
                <width>560</width>
                <height>80</height>
                <label>$ADDON[script.ivueguide 30620]</label>
                <wrapmultiline>true</wrapmultiline>
            </control>

            <control type="list" id="2001">
                <posx>585</posx>
                <posy>75</posy>
                <width>560</width>
                <height>480</height>
                <viewtype label="list">list</viewtype>
                <orientation>vertical</orientation>
                <focusposition>7</focusposition>
                <onup>102</onup>
                <onleft>2002</onleft>
                <onright>102</onright>
                <ondown>2002</ondown>

                <itemlayout width="560" height="40">
                    <control type="image">
                        <posx>0</posx>
                        <posy>0</posy>
                        <width>560</width>
                        <height>38</height>                       
			<texture>menu button.png</texture>
                    </control>
                    <control type="label">
                        <posx>16</posx>
                        <posy>0</posy>
                        <width>560</width>
                        <height>38</height>
                        <aligny>center</aligny>
                        <font>font13</font>
                        <textcolor>ffffffff</textcolor>
                        <info>ListItem.Label</info>
                    </control>
                </itemlayout>
                <focusedlayout width="560" height="40">
                    <control type="image">
                        <posx>0</posx>
                        <posy>0</posy>
                        <width>560</width>
                        <height>38</height>
                        <texture>menu button.png</texture>
			
                        <visible>!Control.HasFocus(2001)</visible>
                    </control>
                    <control type="image">
                        <posx>0</posx>
                        <posy>0</posy>
                        <width>560</width>
                        <height>38</height>
                        <texture>menu button-focus.png</texture>
                        <visible>Control.HasFocus(2001)</visible>
                    </control>
                    <control type="label">
                        <posx>16</posx>
                        <posy>0</posy>
                        <width>560</width>
                        <height>38</height>
                        <aligny>center</aligny>
                        <font>font13</font>
                        <textcolor>ffffffff</textcolor>
                        <info>ListItem.Label</info>
                    </control>
                   <control type="image">
                        <posx>530</posx>
                        <posy>9</posy>
                        <width>20</width>
                        <height>20</height>
                        <texture>tvguide-bullet.png</texture>
                    </control>
                </focusedlayout>
            </control>

            <control type="button" id="2002">
                <posx>230</posx>
                <posy>320</posy>
                <width>240</width>
                <height>60</height>
                <align>center</align>
                <aligny>center</aligny>
                <font>font13</font>
                <textcolor>ffffffff</textcolor>
                <label>$ADDON[script.ivueguide 30604]</label>
                <texturefocus>menu button-focus.png</texturefocus>
			<texturenofocus>menu button.png</texturenofocus>
                <onup>102</onup>
                <ondown>2003</ondown>
                <onright>2001</onright>
            </control>
            <control type="button" id="2003">
                <posx>230</posx>
                <posy>381</posy>
                <width>240</width>
                <height>60</height>
                <align>center</align>
                <aligny>center</aligny>
                <font>font13</font>
                <textcolor>ffffffff</textcolor>
                <label>$ADDON[script.ivueguide 30605]</label>
               <texturefocus>menu button-focus.png</texturefocus>
			<texturenofocus>menu button.png</texturenofocus>
                <onup>2002</onup>
                <ondown>2004</ondown>
                <onright>2001</onright>
            </control>
            <control type="button" id="2004">
                <posx>230</posx>
                <posy>442</posy>
                <width>240</width>
                <height>60</height>
                <align>center</align>
                <aligny>center</aligny>
                <font>font13</font>
                <textcolor>ffffffff</textcolor>
                <label>$ADDON[script.ivueguide 30606]</label>
               <texturefocus>menu button-focus.png</texturefocus>
			<texturenofocus>menu button.png</texturenofocus>
                <onup>2003</onup>
                <ondown>101</ondown>
            </control>

        </control>


        <control type="group" id="3000">
            <posx>40</posx>
            <posy>120</posy>
            <width>1280</width>
            <height>600</height>
            <visible>StringCompare(Control.GetLabel(100),addons)</visible>

            <control type="list" id="3001">
                <posx>1068</posx>
                <posy>-78</posy>
                <width>160</width>
                <height>150</height>
                <viewtype label="list">list</viewtype>
                <orientation>horizontal</orientation>
                <focusposition>0</focusposition>
                <onleft>103</onleft>
                <onright>103</onright>
                <ondown>3002</ondown>

                <itemlayout width="160" height="150">
                    <control type="image">
                        <posx>0</posx>
                        <posy>0</posy>
                        <width>160</width>
                        <height>150</height>                      
			<texture>menu button.png</texture>
                    </control>
                    <control type="image">
                        <posx>10</posx>
                        <posy>10</posy>
                        <width>140</width>
                        <height>130</height>
                        <info>ListItem.Icon</info>
                    </control>
                </itemlayout>
                <focusedlayout width="160" height="150">
                    <control type="image">
                        <posx>0</posx>
                        <posy>0</posy>
                        <width>160</width>
                        <height>150</height>                       
			<texture>menu button.png</texture>
                        <visible>!Control.HasFocus(3001)</visible>
                    </control>
                    <control type="image">
                        <posx>0</posx>
                        <posy>0</posy>
                        <width>160</width>
                        <height>150</height>
                        <texture>menu button-focus.png</texture>
                        <visible>Control.HasFocus(3001)</visible>
                    </control>
                    <control type="image">
                        <posx>10</posx>
                        <posy>10</posy>
                        <width>140</width>
                        <height>130</height>
                        <info>ListItem.Icon</info>
                    </control>
                </focusedlayout>
            </control>

            <control type="label" id="3003">
                <posx>497</posx>
                <posy>-70</posy>
                <width>330</width>
                <height>40</height>
                <label>[B]plugin.video.tuxbox[/B]</label>
            </control>
            <control type="textbox" id="3004">
                <posx>497</posx>
                <posy>-35</posy>
                <width>545</width>
                <height>170</height>
                <label>description...</label>
                <wrapmultiline>true</wrapmultiline>
                <autoscroll time="3600" delay="6000" repeat="6000">true</autoscroll>
            </control>

            <control type="list" id="3002">
                <posx>480</posx>
                <posy>235</posy>
                <width>560</width>
                <height>350</height>
                <viewtype label="list">list</viewtype>
                <orientation>vertical</orientation>
                <focusposition>7</focusposition>
                <onleft>3005</onleft>
                <onright>3001</onright>
                <onup>3001</onup>

                <itemlayout width="560" height="40">
                    <control type="image">
                        <posx>0</posx>
                        <posy>0</posy>
                        <width>560</width>
                        <height>38</height>                       
			<texture>menu button.png</texture>
                    </control>
                    <control type="label">
                        <posx>16</posx>
                        <posy>0</posy>
                        <width>560</width>
                        <height>38</height>
                        <aligny>center</aligny>
                        <font>font13</font>
                        <textcolor>ffffffff</textcolor>
                        <info>ListItem.Label</info>
                    </control>
                </itemlayout>
                <focusedlayout width="560" height="40">
                    <control type="image">
                        <posx>0</posx>
                        <posy>0</posy>
                        <width>560</width>
                        <height>38</height>                       
			<texture>menu button.png</texture>
                        <visible>!Control.HasFocus(3002)</visible>
                    </control>
                    <control type="image">
                        <posx>0</posx>
                        <posy>0</posy>
                        <width>560</width>
                        <height>38</height>
                        <texture>menu button-focus.png</texture>
                        <visible>Control.HasFocus(3002)</visible>
                    </control>
                    <control type="label">
                        <posx>16</posx>
                        <posy>0</posy>
                        <width>560</width>
                        <height>38</height>
                        <aligny>center</aligny>
                        <font>font13</font>
                        <textcolor>ffffffff</textcolor>
                        <info>ListItem.Label</info>
                    </control>
                    <control type="image">
                        <posx>530</posx>
                        <posy>9</posy>
                        <width>20</width>
                        <height>20</height>
                        <texture>tvguide-bullet.png</texture>
                    </control>
                </focusedlayout>
            </control>

            <control type="button" id="3005">
                <posx>230</posx>
                <posy>320</posy>
                <width>240</width>
                <height>60</height>
                <align>center</align>
                <aligny>center</aligny>
                <font>font13</font>
                <textcolor>ffffffff</textcolor>
                <label>$ADDON[script.ivueguide 30604]</label>
                <texturefocus>menu button-focus.png</texturefocus>
			<texturenofocus>menu button.png</texturenofocus>
                <onup>103</onup>
                <ondown>3006</ondown>
                <onright>3002</onright>
            </control>
            <control type="button" id="3006">
                <posx>230</posx>
                <posy>381</posy>
                <width>240</width>
                <height>60</height>
                <align>center</align>
                <aligny>center</aligny>
                <font>font13</font>
                <textcolor>ffffffff</textcolor>
                <label>$ADDON[script.ivueguide 30605]</label>
              <texturefocus>menu button-focus.png</texturefocus>
			<texturenofocus>menu button.png</texturenofocus>
                <onup>3005</onup>
                <ondown>3007</ondown>
                <onright>3001</onright>
            </control>
            <control type="button" id="3007">
                <posx>230</posx>
                <posy>442</posy>
                <width>240</width>
                <height>60</height>
                <align>center</align>
                <aligny>center</aligny>
                <font>font13</font>
                <textcolor>ffffffff</textcolor>
                <label>$ADDON[script.ivueguide 30606]</label>
               <texturefocus>menu button-focus.png</texturefocus>
			<texturenofocus>menu button.png</texturenofocus>
                <onup>3006</onup>
                <onleft>101</onleft>
            </control>

        </control>


    </controls>
</window>